,index,0
0,ACUCL,ACURA
1,ILX,ACURA
2,INTEG,ACURA
3,LEGEND,ACURA
4,MDX,ACURA
5,NSX,ACURA
6,ACUOTH,ACURA
7,RDX,ACURA
8,RL,ACURA
9,RLX,ACURA
10,RSX,ACURA
11,SLX,ACURA
12,TL,ACURA
13,ACUTLX,ACURA
14,TSX,ACURA
15,VIGOR,ACURA
16,ZDX,ACURA
17,ALFA164,ALFA
18,ALFA4C,ALFA
19,ALFA8C,ALFA
20,ALFAGIULIA,ALFA
21,ALFAGT,ALFA
22,MIL,ALFA
23,ALFAOTH,ALFA
24,SPID,ALFA
25,ALFASTELV,ALFA
26,ASTONDB11,ASTON
27,DB7,ASTON
28,DB9,ASTON
29,DBS,ASTON
30,ASTONDBX,ASTON
31,LAGONDA,ASTON
32,ASTOTH,ASTON
33,RAPIDE,ASTON
34,ASTRAPIDES,ASTON
35,V12VANT,ASTON
36,VANTAGE,ASTON
37,VANQUISH,ASTON
38,VIRAGE,ASTON
39,AUDI100,AUDI
40,AUDI200,AUDI
41,4000,AUDI
42,5000,AUDI
43,80,AUDI
44,90,AUDI
45,A3,AUDI
46,A4,AUDI
47,A5,AUDI
48,A6,AUDI
49,A7,AUDI
50,A8,AUDI
51,ALLRDQUA,AUDI
52,AUDICABRI,AUDI
53,AUDICOUPE,AUDI
54,AUDIETRON,AUDI
55,AUDOTH,AUDI
56,Q3,AUDI
57,Q5,AUDI
58,Q7,AUDI
59,AUDIQ8,AUDI
60,QUATTR,AUDI
61,R8,AUDI
62,AUDIRS3,AUDI
63,RS4,AUDI
64,RS5,AUDI
65,RS6,AUDI
66,AUDIRS7,AUDI
67,AUDIRSQ8,AUDI
68,AUDS3,AUDI
69,S4,AUDI
70,S5,AUDI
71,S6,AUDI
72,S7,AUDI
73,S8,AUDI
74,AUDISQ5,AUDI
75,AUDISQ7,AUDI
76,AUDISQ8,AUDI
77,TT,AUDI
78,TTRS,AUDI
79,TTS,AUDI
80,V8,AUDI
81,ARNAGE,BENTL
82,AZURE,BENTL
83,BENBENTAY,BENTL
84,BROOKLANDS,BENTL
85,BENCONT,BENTL
86,BENEIGHT,BENTL
87,BENFLYSPUR,BENTL
88,BENMUL,BENTL
89,BENOTH,BENTL
90,BENTURBO,BENTL
91,1SERIESM,BMW
92,128I,BMW
93,135I,BMW
94,135IS,BMW
95,BMW228I,BMW
96,BMW228IGC,BMW
97,BMW228IXD,BMW
98,BMW228XDGC,BMW
99,BMW230I,BMW
100,BMW230IXD,BMW
101,318I,BMW
102,318IS,BMW
103,318TI,BMW
104,320I,BMW
105,320IXD,BMW
106,323CI,BMW
107,323I,BMW
108,323IS,BMW
109,BMW325,BMW
110,325CI,BMW
111,325E,BMW
112,325ES,BMW
113,325I,BMW
114,325IS,BMW
115,325IX,BMW
116,325XI,BMW
117,328CI,BMW
118,BMW328D,BMW
119,BMW328DXD,BMW
120,328I,BMW
121,BMW328GTXD,BMW
122,328IXD,BMW
123,328IS,BMW
124,328XI,BMW
125,330CI,BMW
126,BMW330E,BMW
127,BMW330EXD,BMW
128,330I,BMW
129,BMW330XDGT,BMW
130,BMW330IXD,BMW
131,330XI,BMW
132,335D,BMW
133,335I,BMW
134,BMW335GTXD,BMW
135,335IXD,BMW
136,335IS,BMW
137,335XI,BMW
138,BMW340I,BMW
139,BMW340XDGT,BMW
140,BMW340IXD,BMW
141,BMW428I,BMW
142,BMW428GC,BMW
143,BMW428GCXD,BMW
144,BMW428IXD,BMW
145,BMW430I,BMW
146,BMW430GC,BMW
147,BMW430GCXD,BMW
148,BMW430IXD,BMW
149,BMW435I,BMW
150,BMW435GC,BMW
151,BMW435GCXD,BMW
152,BMW435IXD,BMW
153,BMW440I,BMW
154,BMW440GC,BMW
155,BMW440GCXD,BMW
156,BMW440IXD,BMW
157,524TD,BMW
158,525I,BMW
159,525XI,BMW
160,528E,BMW
161,528I,BMW
162,528IXD,BMW
163,528XI,BMW
164,BMW530E,BMW
165,BMW530EXD,BMW
166,530I,BMW
167,BMW530IXD,BMW
168,530XI,BMW
169,533I,BMW
170,BMW535D,BMW
171,BMW535DXD,BMW
172,535I,BMW
173,535IGT,BMW
174,535IGTXD,BMW
175,535IXD,BMW
176,535XI,BMW
177,BMW540DXD,BMW
178,540I,BMW
179,BMW540IXD,BMW
180,545I,BMW
181,550I,BMW
182,550IGT,BMW
183,550IGTXD,BMW
184,550IXD,BMW
185,633CSI,BMW
186,635CSI,BMW
187,640I,BMW
188,640IGC,BMW
189,BMW640GCXD,BMW
190,BMW640GTXD,BMW
191,BMW640IXD,BMW
192,645CI,BMW
193,650I,BMW
194,650IGC,BMW
195,650IGCXD,BMW
196,650IXD,BMW
197,733I,BMW
198,735I,BMW
199,735IL,BMW
200,BMW740EXD,BMW
201,740I,BMW
202,BMW740IXD,BMW
203,740IL,BMW
204,BMW740LDXD,BMW
205,740LI,BMW
206,740LIXD,BMW
207,BMW745EXD,BMW
208,745I,BMW
209,745LI,BMW
210,750I,BMW
211,750IXD,BMW
212,750IL,BMW
213,750LI,BMW
214,750LIXD,BMW
215,760I,BMW
216,760LI,BMW
217,840CI,BMW
218,BMW840I,BMW
219,BMW840GC,BMW
220,BMW840GCXD,BMW
221,BMW840IXD,BMW
222,850CI,BMW
223,850CSI,BMW
224,850I,BMW
225,ACTIVE3,BMW
226,ACTIVE5,BMW
227,ACTIVE7,BMW
228,ACTIVEX6,BMW
229,BMWB6XDGC,BMW
230,ALPINAB7,BMW
231,ALPINAB7XD,BMW
232,BMWALPXB7,BMW
233,BMWI3,BMW
234,BMWI8,BMW
235,L6,BMW
236,L7,BMW
237,BMWMCOUPE,BMW
238,BMWROAD,BMW
239,BMWM2,BMW
240,BMWM235I,BMW
241,BMWM235IXD,BMW
242,BMWM235GC,BMW
243,BMWM240I,BMW
244,BMWM240IXD,BMW
245,M3,BMW
246,BMWM340I,BMW
247,BMWM340IXD,BMW
248,BMWM4,BMW
249,BMWM440IXD,BMW
250,M5,BMW
251,BMWM550IXD,BMW
252,M6,BMW
253,BMWM6GC,BMW
254,BMWM760IXD,BMW
255,BMWM8,BMW
256,BMWM8GCXD,BMW
257,BMWM850GCX,BMW
258,BMW850IXD,BMW
259,BMWOTH,BMW
260,X1,BMW
261,BMWX2,BMW
262,X3,BMW
263,BMWX3M,BMW
264,BMWX4,BMW
265,BMWX4M,BMW
266,X5,BMW
267,X5M,BMW
268,X6,BMW
269,X6M,BMW
270,BMWX7,BMW
271,Z3,BMW
272,Z4,BMW
273,Z8,BMW
274,BUGCHIRON,BUGATTI
275,BUGVEY,BUGATTI
276,BUICASCADA,BUICK
277,CENT,BUICK
278,ELEC,BUICK
279,ENCLAVE,BUICK
280,BUIENC,BUICK
281,BUIENCGX,BUICK
282,BUIENVISI,BUICK
283,LACROSSE,BUICK
284,LESA,BUICK
285,LUCERNE,BUICK
286,BUOTH,BUICK
287,PARK,BUICK
288,RAINIER,BUICK
289,REATTA,BUICK
290,REG,BUICK
291,RENDEZVOUS,BUICK
292,RIV,BUICK
293,BUICKROAD,BUICK
294,SKYH,BUICK
295,SKYL,BUICK
296,SOMER,BUICK
297,TERRAZA,BUICK
298,BUVERANO,BUICK
299,ALLANT,CAD
300,ATS,CAD
301,BROUGH,CAD
302,CATERA,CAD
303,CIMA,CAD
304,CADCT4,CAD
305,CADCT5,CAD
306,CADCT6,CAD
307,CTS,CAD
308,DEV,CAD
309,DTS,CAD
310,ELDO,CAD
311,CADELR,CAD
312,ESCALA,CAD
313,ESCALAESV,CAD
314,EXT,CAD
315,FLEE,CAD
316,CADOTH,CAD
317,SEV,CAD
318,SRX,CAD
319,STS,CAD
320,XLR,CAD
321,CADXT4,CAD
322,CADXT5,CAD
323,CADXT6,CAD
324,XTS,CAD
325,ASTRO,CHEV
326,AVALNCH,CHEV
327,AVEO,CHEV
328,AVEO5,CHEV
329,BERETT,CHEV
330,BLAZER,CHEV
331,CHEBOLT,CHEV
332,CHEVCK,CHEV
333,CAM,CHEV
334,CAP,CHEV
335,CHECAPS,CHEV
336,CAV,CHEV
337,CELE,CHEV
338,CHEVETTE,CHEV
339,CITATION,CHEV
340,CHECITYEXP,CHEV
341,COBALT,CHEV
342,COLORADO,CHEV
343,CORSI,CHEV
344,CORV,CHEV
345,CRUZE,CHEV
346,ELCAM,CHEV
347,EQUINOX,CHEV
348,CHEXP1500,CHEV
349,CHEXP2500,CHEV
350,CHEXP3500,CHEV
351,CHEXP4500,CHEV
352,CHEG10,CHEV
353,CHEG20,CHEV
354,CHEG30,CHEV
355,HHR,CHEV
356,CHEVIMP,CHEV
357,KODC4500,CHEV
358,LUMINA,CHEV
359,LAPV,CHEV
360,LUV,CHEV
361,MALI,CHEV
362,CHVMETR,CHEV
363,CHEVMONT,CHEV
364,NOVA,CHEV
365,CHEOTH,CHEV
366,CHEVPRIZM,CHEV
367,CHVST,CHEV
368,S10PICKUP,CHEV
369,CHEV150,CHEV
370,CHEVC25,CHEV
371,CH3500PU,CHEV
372,SONIC,CHEV
373,SPARK,CHEV
374,CHEVSPEC,CHEV
375,CHSPRINT,CHEV
376,CHEVSS,CHEV
377,SSR,CHEV
378,CHEVSUB,CHEV
379,TAHOE,CHEV
380,TRACKE,CHEV
381,TRAILBLZ,CHEV
382,TRAILBZEXT,CHEV
383,TRAVERSE,CHEV
384,CHETRAX,CHEV
385,UPLANDER,CHEV
386,VENTUR,CHEV
387,VOLT,CHEV
388,CHRYS200,CHRY
389,300,CHRY
390,CHRY300,CHRY
391,ASPEN,CHRY
392,CIRRUS,CHRY
393,CONC,CHRY
394,CHRYCONQ,CHRY
395,CORDOBA,CHRY
396,CROSSFIRE,CHRY
397,ECLASS,CHRY
398,FIFTH,CHRY
399,CHRYGRANDV,CHRY
400,IMPE,CHRY
401,INTREPID,CHRY
402,CHRYLAS,CHRY
403,LEBA,CHRY
404,CHRYLEBGTS,CHRY
405,LHS,CHRY
406,NY,CHRY
407,NEWPORT,CHRY
408,CHOTH,CHRY
409,PACIFICA,CHRY
410,CHPROWLE,CHRY
411,PTCRUIS,CHRY
412,CHRYSEB,CHRY
413,CHRYTC,CHRY
414,TANDC,CHRY
415,VOYAGER,CHRY
416,400,DODGE
417,DOD600,DODGE
418,ARI,DODGE
419,AVENGR,DODGE
420,B150,DODGE
421,B1500,DODGE
422,B250,DODGE
423,B2500,DODGE
424,B350,DODGE
425,B3500,DODGE
426,CALIBER,DODGE
427,DODCARA,DODGE
428,CHALLENGER,DODGE
429,DODCHAR,DODGE
430,DODCOLT,DODGE
431,DODCONQ,DODGE
432,DODDW,DODGE
433,DAKOTA,DODGE
434,DODDART,DODGE
435,DAY,DODGE
436,DIPLOMA,DODGE
437,DURANG,DODGE
438,DODDYNA,DODGE
439,GRANDCARAV,DODGE
440,INTRE,DODGE
441,JOURNEY,DODGE
442,LANCERDODG,DODGE
443,MAGNUM,DODGE
444,MIRADA,DODGE
445,MONACO,DODGE
446,DODNEON,DODGE
447,NITRO,DODGE
448,OMNI,DODGE
449,DOOTH,DODGE
450,RAIDER,DODGE
451,RAM1504WD,DODGE
452,RAM25002WD,DODGE
453,RAM3502WD,DODGE
454,RAM4500,DODGE
455,DODD50,DODGE
456,RAM5500,DODGE
457,RAMSRT10,DODGE
458,RAMCGR,DODGE
459,RAMPAGE,DODGE
460,DODSHAD,DODGE
461,DODSPIR,DODGE
462,SPRINTER,DODGE
463,SRT4,DODGE
464,STREGIS,DODGE
465,STEAL,DODGE
466,STRATU,DODGE
467,VIPER,DODGE
468,308,FER
469,328,FER
470,348,FER
471,360,FER
472,456GT,FER
473,456MGT,FER
474,458ITALIA,FER
475,FER488GTB,FER
476,FER488PISA,FER
477,FER488SPI,FER
478,512M,FER
479,512TR,FER
480,550M,FER
481,575M,FER
482,599GTB,FER
483,599GTO,FER
484,FERSAPERTA,FER
485,612SCAGLIE,FER
486,FER812GTS,FER
487,FER812SUP,FER
488,FERCALIF,FER
489,ENZO,FER
490,FERF12BERL,FER
491,FERF12TDF,FER
492,F355,FER
493,F40,FER
494,F430,FER
495,F50,FER
496,FERF8SPID,FER
497,FERF8TRIB,FER
498,FERFF,FER
499,FERGTC4LUS,FER
500,FERLAF,FER
501,MOND,FER
502,FEROTH,FER
503,FERPORTO,FER
504,TEST,FER
505,FIAT124SPI,FIAT
506,2000,FIAT
507,FIAT500,FIAT
508,FIAT500L,FIAT
509,FIAT500X,FIAT
510,BERTON,FIAT
511,BRAVA,FIAT
512,FIAOTH,FIAT
513,PININ,FIAT
514,STRADA,FIAT
515,FIATX19,FIAT
516,KARMA,FISK
517,AERO,FORD
518,ASPIRE,FORD
519,BRON,FORD
520,B2,FORD
521,FORDBRONSP,FORD
522,FOCMAX,FORD
523,CONTOUR,FORD
524,COURIER,FORD
525,CROWNVIC,FORD
526,E100ECON,FORD
527,E150ECON,FORD
528,E250ECON,FORD
529,E350ECON,FORD
530,FORDE450,FORD
531,FORDECOSPT,FORD
532,EDGE,FORD
533,ESCAPE,FORD
534,ESCO,FORD
535,EXCURSION,FORD
536,EXP,FORD
537,EXPEDI,FORD
538,EXPEDIEL,FORD
539,FORDEXPMAX,FORD
540,EXPLOR,FORD
541,SPORTTRAC,FORD
542,F100,FORD
543,F150PICKUP,FORD
544,F250,FORD
545,F350,FORD
546,F450,FORD
547,FORDF550,FORD
548,FAIRM,FORD
549,FESTIV,FORD
550,FIESTA,FORD
551,FIVEHUNDRE,FORD
552,FLEX,FORD
553,FOCUS,FORD
554,FREESTAR,FORD
555,FREESTYLE,FORD
556,FUSION,FORD
557,GRANADA,FORD
558,GT,FORD
559,LTD,FORD
560,MUST,FORD
561,FORDMACHE,FORD
562,FOOTH,FORD
563,PROBE,FORD
564,RANGER,FORD
565,TAURUS,FORD
566,TAURUSX,FORD
567,TEMPO,FORD
568,TBIRD,FORD
569,FORDTRN150,FORD
570,FORDTRN250,FORD
571,FORDTRN350,FORD
572,TRANSCONN,FORD
573,WINDST,FORD
574,FORDZX2,FORD
575,FRESPRINT,FREIGHT
576,GENG70,GENESIS
577,GENG80,GENESIS
578,GENG90,GENESIS
579,GENGV80,GENESIS
580,ACADIA,GMC
581,CABALLERO,GMC
582,CANYON,GMC
583,ENVOY,GMC
584,ENVOYXL,GMC
585,ENVOYXUV,GMC
586,G1500,GMC
587,G2500,GMC
588,G3500,GMC
589,JIM,GMC
590,GMCOTH,GMC
591,GMCS15,GMC
592,S15,GMC
593,SAFARIGMC,GMC
594,GMCSAVANA,GMC
595,GMCSAV2500,GMC
596,GMCSAV3500,GMC
597,GMCSAV4500,GMC
598,15SIPU4WD,GMC
599,GMCC25PU,GMC
600,GMC3500PU,GMC
601,SONOMA,GMC
602,SUB,GMC
603,GMCSYCLON,GMC
604,TERRAIN,GMC
605,TOPC4500,GMC
606,TYPH,GMC
607,YUKON,GMC
608,YUKONXL,GMC
609,ACCORD,HONDA
610,CROSSTOUR,HONDA
611,CIVIC,HONDA
612,HONCLARITY,HONDA
613,CRV,HONDA
614,CRZ,HONDA
615,HONCROSS,HONDA
616,CRX,HONDA
617,HONDELSOL,HONDA
618,ELEMENT,HONDA
619,FIT,HONDA
620,HONHRV,HONDA
621,INSIGHT,HONDA
622,ODYSSEY,HONDA
623,HONOTH,HONDA
624,PASSPO,HONDA
625,PILOT,HONDA
626,PRE,HONDA
627,RIDGELINE,HONDA
628,S2000,HONDA
629,HUMMER,AMGEN
630,H2,AMGEN
631,H3,AMGEN
632,H3T,AMGEN
633,AMGOTH,AMGEN
634,ACCENT,HYUND
635,AZERA,HYUND
636,ELANTR,HYUND
637,HYUELANCPE,HYUND
638,ELANTOUR,HYUND
639,ENTOURAGE,HYUND
640,EQUUS,HYUND
641,HYUEXCEL,HYUND
642,GENESIS,HYUND
643,GENESISCPE,HYUND
644,HYUIONIQ,HYUND
645,HYUKONA,HYUND
646,HYUNDNEXO,HYUND
647,HYUOTH,HYUND
648,HYUNDPALIS,HYUND
649,SANTAFE,HYUND
650,SCOUPE,HYUND
651,SONATA,HYUND
652,TIBURO,HYUND
653,TUCSON,HYUND
654,VELOSTER,HYUND
655,HYUNDVENUE,HYUND
656,VERACRUZ,HYUND
657,XG300,HYUND
658,XG350,HYUND
659,EX35,INFIN
660,EX37,INFIN
661,FX35,INFIN
662,FX37,INFIN
663,FX45,INFIN
664,FX50,INFIN
665,G20,INFIN
666,G25,INFIN
667,G35,INFIN
668,G37,INFIN
669,I30,INFIN
670,I35,INFIN
671,J30,INFIN
672,JX35,INFIN
673,M30,INFIN
674,M35,INFIN
675,M35HYBRID,INFIN
676,M37,INFIN
677,M45,INFIN
678,M56,INFIN
679,INFOTH,INFIN
680,INFINQ40,INFIN
681,Q45,INFIN
682,INFINQ50,INFIN
683,INFINQ60,INFIN
684,INFINQ70,INFIN
685,INFINQX30,INFIN
686,QX4,INFIN
687,INFINQX50,INFIN
688,QX56,INFIN
689,INFINQX60,INFIN
690,INFINQX70,INFIN
691,INFINQX80,INFIN
692,AMIGO,ISU
693,ASCENDER,ISU
694,AXIOM,ISU
695,HOMBRE,ISU
696,I280,ISU
697,I290,ISU
698,I350,ISU
699,I370,ISU
700,ISUMARK,ISU
701,ISUIMP,ISU
702,OASIS,ISU
703,ISUOTH,ISU
704,ISUPU,ISU
705,RODEO,ISU
706,STYLUS,ISU
707,TROOP,ISU
708,TRP2,ISU
709,VEHICROSS,ISU
710,JAGEPACE,JAG
711,JAGFPACE,JAG
712,JAGFTYPE,JAG
713,JAGIPACE,JAG
714,JAGOTH,JAG
715,STYPE,JAG
716,XTYPE,JAG
717,JAGXE,JAG
718,XF,JAG
719,XJ,JAG
720,XJSPORT,JAG
721,VANDEN,JAG
722,JAGXJ12,JAG
723,JAGXJ6,JAG
724,XJ8,JAG
725,XJ8L,JAG
726,JAGXJR,JAG
727,JAGXJRS,JAG
728,JAGXJS,JAG
729,XK,JAG
730,JAGXK8,JAG
731,XKR,JAG
732,CHER,JEEP
733,JEEPCJ,JEEP
734,COMANC,JEEP
735,COMMANDER,JEEP
736,COMPASS,JEEP
737,JEEPGLAD,JEEP
738,JEEPGRAND,JEEP
739,GRWAG,JEEP
740,LIBERTY,JEEP
741,JEOTH,JEEP
742,PATRIOT,JEEP
743,JEEPPU,JEEP
744,JEEPRENEG,JEEP
745,SCRAMBLE,JEEP
746,WAGONE,JEEP
747,WRANGLER,JEEP
748,AMANTI,KIA
749,BORREGO,KIA
750,KIACADENZA,KIA
751,FORTE,KIA
752,FORTEKOUP,KIA
753,KIAK5,KIA
754,KIAK900,KIA
755,KIANIRO,KIA
756,OPTIMA,KIA
757,KIAOTH,KIA
758,RIO,KIA
759,RIO5,KIA
760,RONDO,KIA
761,SEDONA,KIA
762,KIASELTOS,KIA
763,SEPHIA,KIA
764,SORENTO,KIA
765,SOUL,KIA
766,SPECTRA,KIA
767,SPECTRA5,KIA
768,SPORTA,KIA
769,KIASTING,KIA
770,KIATELLURD,KIA
771,AVENT,LAM
772,LAMCENTEN,LAM
773,COUNT,LAM
774,DIABLO,LAM
775,GALLARDO,LAM
776,LAMHURACAN,LAM
777,JALPA,LAM
778,LM002,LAM
779,MURCIELAGO,LAM
780,LAMOTH,LAM
781,LAMURUS,LAM
782,DEFEND,ROV
783,DISCOV,ROV
784,ROVDISCSPT,ROV
785,FRELNDR,ROV
786,LR2,ROV
787,LR3,ROV
788,LR4,ROV
789,ROVOTH,ROV
790,RANGE,ROV
791,EVOQUE,ROV
792,RANGESPORT,ROV
793,ROVVELAR,ROV
794,CT200H,LEXUS
795,ES250,LEXUS
796,ES300,LEXUS
797,ES300H,LEXUS
798,ES330,LEXUS
799,ES350,LEXUS
800,LEXGS200T,LEXUS
801,GS300,LEXUS
802,GS350,LEXUS
803,GS400,LEXUS
804,GS430,LEXUS
805,GS450H,LEXUS
806,GS460,LEXUS
807,LEXGSF,LEXUS
808,GX460,LEXUS
809,GX470,LEXUS
810,HS250H,LEXUS
811,LEXIS200T,LEXUS
812,IS250,LEXUS
813,IS250C,LEXUS
814,IS300,LEXUS
815,IS350,LEXUS
816,IS350C,LEXUS
817,ISF,LEXUS
818,LEXLC500,LEXUS
819,LEXLC500H,LEXUS
820,LEXLFA,LEXUS
821,LS400,LEXUS
822,LS430,LEXUS
823,LS460,LEXUS
824,LEXLS500,LEXUS
825,LEXLS500H,LEXUS
826,LS600H,LEXUS
827,LX450,LEXUS
828,LX470,LEXUS
829,LX570,LEXUS
830,LEXNX200T,LEXUS
831,LEXNX300,LEXUS
832,LEXNX300H,LEXUS
833,LEXOTH,LEXUS
834,LEXRC200T,LEXUS
835,LEXRC300,LEXUS
836,LEXRC350,LEXUS
837,LEXRCF,LEXUS
838,RX300,LEXUS
839,RX330,LEXUS
840,RX350,LEXUS
841,LEXRX350L,LEXUS
842,RX400H,LEXUS
843,RX450H,LEXUS
844,LEXRX450HL,LEXUS
845,SC300,LEXUS
846,SC400,LEXUS
847,SC430,LEXUS
848,LEXUX200,LEXUS
849,LEXUX250H,LEXUS
850,AVIATOR,LINC
851,BLKWOOD,LINC
852,CONT,LINC
853,LINCCORS,LINC
854,LSLINCOLN,LINC
855,MARKLT,LINC
856,MARK6,LINC
857,MARK7,LINC
858,MARK8,LINC
859,LINCMKC,LINC
860,MKS,LINC
861,MKT,LINC
862,MKX,LINC
863,MKZ,LINC
864,LINCNAUT,LINC
865,NAVIGA,LINC
866,NAVIGAL,LINC
867,LINOTH,LINC
868,LINCTC,LINC
869,ZEPHYR,LINC
870,ELAN,LOTUS
871,LOTELISE,LOTUS
872,ESPRIT,LOTUS
873,EVORA,LOTUS
874,EXIGE,LOTUS
875,LOTOTH,LOTUS
876,430,MAS
877,BITRBO,MAS
878,COUPEMAS,MAS
879,GHIB,MAS
880,GRANSPORT,MAS
881,GRANTURISM,MAS
882,MASLEVAN,MAS
883,MASOTH,MAS
884,QP,MAS
885,SPYDER,MAS
886,57MAYBACH,MAYBACH
887,62MAYBACH,MAYBACH
888,MAYOTH,MAYBACH
889,MAZDA323,MAZDA
890,MAZDA626,MAZDA
891,929,MAZDA
892,B-SERIES,MAZDA
893,MAZCX3,MAZDA
894,MAZCX30,MAZDA
895,CX-5,MAZDA
896,CX-7,MAZDA
897,CX-9,MAZDA
898,GLC,MAZDA
899,MAZDA2,MAZDA
900,MAZDA3,MAZDA
901,MAZDA5,MAZDA
902,MAZDA6,MAZDA
903,MAZDASPD3,MAZDA
904,MAZDASPD6,MAZDA
905,MILL,MAZDA
906,MPV,MAZDA
907,MIATA,MAZDA
908,MAZMIATARF,MAZDA
909,MX3,MAZDA
910,MX6,MAZDA
911,NAVAJO,MAZDA
912,MAZOTH,MAZDA
913,PROTE,MAZDA
914,PROTE5,MAZDA
915,RX7,MAZDA
916,RX8,MAZDA
917,TRIBUTE,MAZDA
918,MCL570GT,MCLAREN
919,MCL570S,MCLAREN
920,MCL600LT,MCLAREN
921,MCL620R,MCLAREN
922,MCL650S,MCLAREN
923,MCL675LT,MCLAREN
924,MCL720S,MCLAREN
925,MCL765LT,MCLAREN
926,MCLGT,MCLAREN
927,MP4,MCLAREN
928,MCLP1,MCLAREN
929,MCLSENNA,MCLAREN
930,190D,MB
931,190E,MB
932,240D,MB
933,260E,MB
934,280CE,MB
935,280E,MB
936,300CD,MB
937,300CE,MB
938,300D,MB
939,300E,MB
940,300SD,MB
941,300SDL,MB
942,300SE,MB
943,300SEL,MB
944,300SL,MB
945,300TD,MB
946,300TE,MB
947,350SD,MB
948,350SDL,MB
949,380SE,MB
950,380SEC,MB
951,380SEL,MB
952,380SL,MB
953,380SLC,MB
954,400E,MB
955,400SE,MB
956,400SEL,MB
957,420SEL,MB
958,500E,MB
959,500SEC,MB
960,500SEL,MB
961,500SL,MB
962,560SEC,MB
963,560SEL,MB
964,560SL,MB
965,600SEC,MB
966,600SEL,MB
967,600SL,MB
968,MBA220,MB
969,MBA35AMG,MB
970,MBAMGGT,MB
971,MBB250E,MB
972,MBBCLASSED,MB
973,C220,MB
974,C230,MB
975,C240,MB
976,C250,MB
977,C280,MB
978,C300,MB
979,C32AMG,MB
980,C320,MB
981,C350,MB
982,MBC350E,MB
983,C36AMG,MB
984,MBC400,MB
985,C43AMG,MB
986,MBC450,MB
987,C55AMG,MB
988,C63AMG,MB
989,CL500,MB
990,CL55AMG,MB
991,CL550,MB
992,CL600,MB
993,CL63AMG,MB
994,CL65AMG,MB
995,MBCLA250,MB
996,MBCLA35AMG,MB
997,MBCLA45AMG,MB
998,CLK320,MB
999,CLK350,MB
1000,CLK430,MB
1001,CLK500,MB
1002,CLK55AMG,MB
1003,CLK550,MB
1004,CLK63AMG,MB
1005,MBCLS400,MB
1006,MBCLS450,MB
1007,CLS500,MB
1008,MBCLS53AMG,MB
1009,CLS55AMG,MB
1010,CLS550,MB
1011,CLS63AMG,MB
1012,MBE250BLUE,MB
1013,E300,MB
1014,E320,MB
1015,E350,MB
1016,MBE400,MB
1017,E420,MB
1018,MBE43AMG,MB
1019,E430,MB
1020,MBE450,MB
1021,E500,MB
1022,MBE53AMG,MB
1023,E55AMG,MB
1024,E550,MB
1025,E63AMG,MB
1026,G500,MB
1027,G55AMG,MB
1028,G550,MB
1029,G63AMG,MB
1030,MBG65AMG,MB
1031,GL320BLUE,MB
1032,GL350BLUE,MB
1033,GL450,MB
1034,GL550,MB
1035,GL63AMG,MB
1036,MBGLA250,MB
1037,MBGLA35AMG,MB
1038,MBGLA45AMG,MB
1039,MBGLB250,MB
1040,MBGLB35AMG,MB
1041,MBGLC300,MB
1042,MBGLC350E,MB
1043,MBGLC43AMG,MB
1044,MBGLC63AMG,MB
1045,MBGLE300D,MB
1046,MBGLE350,MB
1047,MBGLE400,MB
1048,MBGLE43AMG,MB
1049,MBGLE450,MB
1050,MBGLE53AMG,MB
1051,MBGLE550E,MB
1052,MBGLE580,MB
1053,MBGLE63AMG,MB
1054,GLK250BLUE,MB
1055,GLK350,MB
1056,MBGLS350D,MB
1057,MBGLS450,MB
1058,MBGLS550,MB
1059,MBGLS580,MB
1060,MBGLS63AMG,MB
1061,MBMGLS600,MB
1062,MBMAYS550,MB
1063,MBMAYS560,MB
1064,MBMAYS600,MB
1065,MBMAYS650,MB
1066,MBMETRIS,MB
1067,MBML250BLU,MB
1068,ML320,MB
1069,ML350,MB
1070,MBML400,MB
1071,ML430,MB
1072,ML450HY,MB
1073,ML500,MB
1074,ML55AMG,MB
1075,ML550,MB
1076,ML63AMG,MB
1077,MBOTH,MB
1078,R320BLUE,MB
1079,R350,MB
1080,R500,MB
1081,R63AMG,MB
1082,S320,MB
1083,S350,MB
1084,S400HY,MB
1085,S420,MB
1086,S430,MB
1087,MBS450,MB
1088,S500,MB
1089,S55AMG,MB
1090,S550,MB
1091,MBS550E,MB
1092,MBS560,MB
1093,MBS560E,MB
1094,S600,MB
1095,S63AMG,MB
1096,S65AMG,MB
1097,SL320,MB
1098,MBSL400,MB
1099,MBSL450,MB
1100,SL500,MB
1101,SL55AMG,MB
1102,SL550,MB
1103,SL600,MB
1104,SL63AMG,MB
1105,SL65AMG,MB
1106,MBSLC300,MB
1107,MBSLC43AMG,MB
1108,SLK230,MB
1109,SLK250,MB
1110,SLK280,MB
1111,SLK300,MB
1112,SLK32AMG,MB
1113,SLK320,MB
1114,SLK350,MB
1115,SLK55AMG,MB
1116,SLR,MB
1117,SLSAMG,MB
1118,MBSPRINTER,MB
1119,CAPRI,MERC
1120,COUGAR,MERC
1121,MERCGRAND,MERC
1122,LN7,MERC
1123,LYNX,MERC
1124,MARAUDER,MERC
1125,MARINER,MERC
1126,MARQ,MERC
1127,MILAN,MERC
1128,MONTEGO,MERC
1129,MONTEREY,MERC
1130,MOUNTA,MERC
1131,MYSTIQ,MERC
1132,MEOTH,MERC
1133,SABLE,MERC
1134,TOPAZ,MERC
1135,TRACER,MERC
1136,VILLA,MERC
1137,MERCZEP,MERC
1138,COOPER,MINI
1139,COOPERCLUB,MINI
1140,COUNTRYMAN,MINI
1141,MINICOUPE,MINI
1142,MINIPACE,MINI
1143,COOPERROAD,MINI
1144,3000GT,MIT
1145,CORD,MIT
1146,DIAMAN,MIT
1147,ECLIP,MIT
1148,MITECLCROS,MIT
1149,ENDEAVOR,MIT
1150,MITEXP,MIT
1151,GALANT,MIT
1152,MITI,MIT
1153,LANCERMITS,MIT
1154,LANCEREVO,MIT
1155,MITPU,MIT
1156,MIRAGE,MIT
1157,MITMIRG4,MIT
1158,MONT,MIT
1159,MONTSPORT,MIT
1160,MITOTH,MIT
1161,OUTLANDER,MIT
1162,OUTLANDSPT,MIT
1163,PRECIS,MIT
1164,RAIDERMITS,MIT
1165,SIGMA,MIT
1166,MITSTAR,MIT
1167,TRED,MIT
1168,MITVAN,MIT
1169,NIS200SX,NISSAN
1170,240SX,NISSAN
1171,300ZXTURBO,NISSAN
1172,350Z,NISSAN
1173,370Z,NISSAN
1174,ALTIMA,NISSAN
1175,PATHARMADA,NISSAN
1176,AXXESS,NISSAN
1177,CUBE,NISSAN
1178,FRONTI,NISSAN
1179,GT-R,NISSAN
1180,JUKE,NISSAN
1181,NISKICKS,NISSAN
1182,LEAF,NISSAN
1183,MAX,NISSAN
1184,MURANO,NISSAN
1185,MURANOCROS,NISSAN
1186,NV,NISSAN
1187,NISNV200,NISSAN
1188,NX,NISSAN
1189,NISSOTH,NISSAN
1190,PATH,NISSAN
1191,NISPU,NISSAN
1192,PULSAR,NISSAN
1193,QUEST,NISSAN
1194,ROGUE,NISSAN
1195,NISROGSPT,NISSAN
1196,SENTRA,NISSAN
1197,STANZA,NISSAN
1198,TITAN,NISSAN
1199,NISVAN,NISSAN
1200,VERSA,NISSAN
1201,NISVERSNOT,NISSAN
1202,XTERRA,NISSAN
1203,88,OLDS
1204,ACHIEV,OLDS
1205,ALERO,OLDS
1206,AURORA,OLDS
1207,BRAV,OLDS
1208,CUCR,OLDS
1209,OLDCUS,OLDS
1210,OLDCALAIS,OLDS
1211,CIERA,OLDS
1212,CSUPR,OLDS
1213,OLDSFIR,OLDS
1214,INTRIG,OLDS
1215,98,OLDS
1216,OMEG,OLDS
1217,OLDOTH,OLDS
1218,REGEN,OLDS
1219,SILHO,OLDS
1220,TORO,OLDS
1221,ACC,PLYM
1222,ARROW,PLYM
1223,BREEZE,PLYM
1224,CARAVE,PLYM
1225,CHAMP,PLYM
1226,COLT,PLYM
1227,PLYMCONQ,PLYM
1228,GRANFURY,PLYM
1229,PLYMGRANV,PLYM
1230,HORI,PLYM
1231,LASER,PLYM
1232,NEON,PLYM
1233,PLYOTH,PLYM
1234,PROWLE,PLYM
1235,RELI,PLYM
1236,SAPPOROPLY,PLYM
1237,SCAMP,PLYM
1238,SUNDAN,PLYM
1239,TRAILDUST,PLYM
1240,TURISMO,PLYM
1241,VOYA,PLYM
1242,T-1000,PONT
1243,6000,PONT
1244,AZTEK,PONT
1245,BON,PONT
1246,CATALINA,PONT
1247,FIERO,PONT
1248,FBIRD,PONT
1249,G3,PONT
1250,G5,PONT
1251,G6,PONT
1252,G8,PONT
1253,GRNDAM,PONT
1254,GP,PONT
1255,GTO,PONT
1256,J2000,PONT
1257,LEMANS,PONT
1258,MONTANA,PONT
1259,PONOTH,PONT
1260,PARISI,PONT
1261,PHOENIX,PONT
1262,SAFARIPONT,PONT
1263,SOLSTICE,PONT
1264,SUNBIR,PONT
1265,SUNFIR,PONT
1266,TORRENT,PONT
1267,TS,PONT
1268,VIBE,PONT
1269,POR718BOX,POR
1270,POR718CAY,POR
1271,911,POR
1272,POR918SPYD,POR
1273,924,POR
1274,928,POR
1275,944,POR
1276,968,POR
1277,BOXSTE,POR
1278,CARRERAGT,POR
1279,CAYENNE,POR
1280,CAYMAN,POR
1281,PORMACAN,POR
1282,POROTH,POR
1283,PANAMERA,POR
1284,PORTAYCAN,POR
1285,RM1500,RAM
1286,RM2500,RAM
1287,RM3500,RAM
1288,RM4500,RAM
1289,RM5500,RAM
1290,RMCV,RAM
1291,RMPROMAST,RAM
1292,RMPROCITY,RAM
1293,CAMAR,RR
1294,CORN,RR
1295,RRCULLINAN,RR
1296,RRDAWN,RR
1297,GHOST,RR
1298,RROTH,RR
1299,PARKWARD,RR
1300,PHANT,RR
1301,DAWN,RR
1302,SILSERAPH,RR
1303,RRSPIR,RR
1304,SPUR,RR
1305,WRAI,RR
1306,9-2X,SAAB
1307,9-3,SAAB
1308,9-4X,SAAB
1309,9-5,SAAB
1310,97X,SAAB
1311,900,SAAB
1312,9000,SAAB
1313,SAOTH,SAAB
1314,ASTRA,SATURN
1315,AURA,SATURN
1316,ION,SATURN
1317,SATLSE,SATURN
1318,SATOTH,SATURN
1319,OUTLOOK,SATURN
1320,RELAY,SATURN
1321,SATSSE,SATURN
1322,SKY,SATURN
1323,VUE,SATURN
1324,SCIFRS,SCION
1325,SCIIA,SCION
1326,SCIIM,SCION
1327,IQ,SCION
1328,TC,SCION
1329,XA,SCION
1330,XB,SCION
1331,XD,SCION
1332,FORTWO,SMART
1333,SMOTH,SMART
1334,SUBASCENT,SUB
1335,BAJA,SUB
1336,BRAT,SUB
1337,SUBBRZ,SUB
1338,SUBCRSSTRK,SUB
1339,FOREST,SUB
1340,IMPREZ,SUB
1341,IMPWRX,SUB
1342,JUSTY,SUB
1343,SUBL,SUB
1344,LEGACY,SUB
1345,LOYALE,SUB
1346,SUBOTH,SUB
1347,SUBOUTBK,SUB
1348,SVX,SUB
1349,B9TRIBECA,SUB
1350,SUBWRX,SUB
1351,XT,SUB
1352,XVCRSSTREK,SUB
1353,AERIO,SUZUKI
1354,EQUATOR,SUZUKI
1355,ESTEEM,SUZUKI
1356,FORENZA,SUZUKI
1357,GRANDV,SUZUKI
1358,KIZASHI,SUZUKI
1359,SUZOTH,SUZUKI
1360,RENO,SUZUKI
1361,SAMUR,SUZUKI
1362,SIDE,SUZUKI
1363,SWIFT,SUZUKI
1364,SX4,SUZUKI
1365,VERONA,SUZUKI
1366,VITARA,SUZUKI
1367,X90,SUZUKI
1368,XL7,SUZUKI
1369,TESMOD3,TESLA
1370,TESMODS,TESLA
1371,TESMODX,TESLA
1372,TESMODY,TESLA
1373,ROADSTER,TESLA
1374,4RUN,TOYOTA
1375,TOY86,TOYOTA
1376,AVALON,TOYOTA
1377,TOYCHR,TOYOTA
1378,CAMRY,TOYOTA
1379,CELICA,TOYOTA
1380,COROL,TOYOTA
1381,CORONA,TOYOTA
1382,CRESS,TOYOTA
1383,ECHO,TOYOTA
1384,FJCRUIS,TOYOTA
1385,HIGHLANDER,TOYOTA
1386,LC,TOYOTA
1387,MATRIX,TOYOTA
1388,TOYMIRAI,TOYOTA
1389,MR2,TOYOTA
1390,MR2SPYDR,TOYOTA
1391,TOYOTH,TOYOTA
1392,PASEO,TOYOTA
1393,PICKUP,TOYOTA
1394,PREVIA,TOYOTA
1395,PRIUS,TOYOTA
1396,PRIUSC,TOYOTA
1397,TOYPRIPRM,TOYOTA
1398,PRIUSV,TOYOTA
1399,RAV4,TOYOTA
1400,SEQUOIA,TOYOTA
1401,SIENNA,TOYOTA
1402,SOLARA,TOYOTA
1403,STARLET,TOYOTA
1404,SUPRA,TOYOTA
1405,T100,TOYOTA
1406,TACOMA,TOYOTA
1407,TERCEL,TOYOTA
1408,TUNDRA,TOYOTA
1409,TOYVAN,TOYOTA
1410,VENZA,TOYOTA
1411,YARIS,TOYOTA
1412,VOLKSARTE,VOLKS
1413,VOLKSATL,VOLKS
1414,BEETLE,VOLKS
1415,VOLKSCAB,VOLKS
1416,CAB,VOLKS
1417,CC,VOLKS
1418,CORR,VOLKS
1419,DASHER,VOLKS
1420,VOLKSEGOLF,VOLKS
1421,EOS,VOLKS
1422,EUROVAN,VOLKS
1423,VOLKSFOX,VOLKS
1424,GOLF,VOLKS
1425,GOLFR,VOLKS
1426,GTI,VOLKS
1427,JET,VOLKS
1428,VWOTH,VOLKS
1429,PASS,VOLKS
1430,PHAETON,VOLKS
1431,RABBITPU,VOLKS
1432,QUAN,VOLKS
1433,R32,VOLKS
1434,RABBIT,VOLKS
1435,ROUTAN,VOLKS
1436,SCIR,VOLKS
1437,TIGUAN,VOLKS
1438,TOUAREG,VOLKS
1439,VANAG,VOLKS
1440,240,VOLVO
1441,260,VOLVO
1442,740,VOLVO
1443,760,VOLVO
1444,780,VOLVO
1445,850,VOLVO
1446,940,VOLVO
1447,960,VOLVO
1448,C30,VOLVO
1449,C70,VOLVO
1450,VOLOTH,VOLVO
1451,S40,VOLVO
1452,S60,VOLVO
1453,S70,VOLVO
1454,S80,VOLVO
1455,S90,VOLVO
1456,V40,VOLVO
1457,V50,VOLVO
1458,VOLVOV60,VOLVO
1459,V70,VOLVO
1460,V90,VOLVO
1461,VOLVOXC40,VOLVO
1462,XC60,VOLVO
1463,XC,VOLVO
1464,XC90,VOLVO
